dt,Open,High,Low,Close,Volume
2022-03-09,3.1,3.11,3.04,3.08,266049155.0
2022-03-10,3.09,3.1,3.08,3.08,110101225.0
2022-03-11,3.08,3.11,3.06,3.1,178942650.0
2022-03-14,3.08,3.12,3.07,3.09,157658515.0
2022-03-15,3.09,3.09,3.02,3.03,290229985.0
2022-03-16,3.04,3.08,3.02,3.07,219409553.0
2022-03-17,3.08,3.09,3.05,3.06,198768146.0
2022-03-18,3.06,3.11,3.05,3.1,251242558.0
2022-03-21,3.09,3.11,3.08,3.09,124568353.0
2022-03-22,3.1,3.17,3.09,3.15,253281571.0
2022-03-23,3.15,3.15,3.11,3.14,136338669.0
2022-03-24,3.13,3.15,3.12,3.14,78366636.0
2022-03-25,3.14,3.17,3.12,3.16,155189228.0
2022-03-28,3.14,3.17,3.13,3.17,111454863.0
2022-03-29,3.16,3.19,3.16,3.19,164742120.0
2022-03-30,3.2,3.22,3.19,3.22,235224962.0
2022-03-31,3.22,3.28,3.21,3.27,352674202.0
2022-04-01,3.26,3.29,3.24,3.29,243342012.0
2022-04-06,3.28,3.31,3.26,3.3,237666989.0
2022-04-07,3.3,3.32,3.26,3.28,235107954.0
2022-04-08,3.28,3.3,3.27,3.29,162098159.0
2022-04-11,3.3,3.31,3.28,3.28,187424293.0
2022-04-12,3.28,3.3,3.26,3.3,193563250.0
2022-04-13,3.29,3.33,3.28,3.29,166778612.0
2022-04-14,3.3,3.32,3.28,3.28,117684503.0
2022-04-15,3.28,3.29,3.27,3.28,105508451.0
2022-04-18,3.27,3.28,3.21,3.23,180316114.0
2022-04-19,3.22,3.26,3.22,3.26,123575331.0
2022-04-20,3.26,3.28,3.25,3.27,126055526.0
2022-04-21,3.27,3.3,3.26,3.27,162730743.0
2022-04-22,3.26,3.32,3.25,3.3,195626086.0
2022-04-25,3.29,3.33,3.27,3.27,290849532.0
2022-04-26,3.28,3.3,3.26,3.28,215532530.0
2022-04-27,3.28,3.29,3.21,3.23,217741745.0
2022-04-28,3.23,3.28,3.22,3.26,221052868.0
2022-04-29,3.26,3.27,3.21,3.23,371435031.0
2022-05-05,3.24,3.25,3.2,3.23,237357024.0
2022-05-06,3.21,3.22,3.18,3.19,143763630.0
2022-05-09,3.19,3.2,3.18,3.19,109137292.0
2022-05-10,3.18,3.2,3.16,3.2,175808992.0
2022-05-11,3.2,3.21,3.19,3.2,131996763.0
2022-05-12,3.19,3.2,3.19,3.2,90458459.0
2022-05-13,3.2,3.21,3.19,3.21,98605611.0
2022-05-16,3.21,3.21,3.18,3.19,107213450.0
2022-05-17,3.2,3.21,3.19,3.2,102444983.0
2022-05-18,3.2,3.2,3.18,3.19,90701576.0
2022-05-19,3.18,3.19,3.17,3.18,105301293.0
2022-05-20,3.19,3.21,3.18,3.19,138656349.0
2022-05-23,3.2,3.21,3.19,3.2,102728278.0
2022-05-24,3.19,3.2,3.19,3.2,91224891.0
2022-05-25,3.19,3.21,3.19,3.2,127520925.0
2022-05-26,3.2,3.21,3.2,3.21,104946665.0
2022-05-27,3.21,3.22,3.2,3.22,107585002.0
2022-05-30,3.21,3.22,3.19,3.2,176262701.0
2022-05-31,3.19,3.2,3.19,3.19,115257848.0
2022-06-01,3.19,3.2,3.18,3.19,105838863.0
2022-06-02,3.19,3.2,3.18,3.19,67585431.0
2022-06-06,3.19,3.2,3.18,3.18,132391671.0
2022-06-07,3.19,3.19,3.17,3.19,96658859.0
2022-06-08,3.19,3.2,3.18,3.19,98539232.0
2022-06-09,3.19,3.21,3.18,3.21,133747091.0
2022-06-10,3.2,3.23,3.19,3.23,197281367.0
2022-06-13,3.21,3.23,3.19,3.21,129062879.0
2022-06-14,3.21,3.23,3.19,3.23,146281059.0
2022-06-15,3.23,3.26,3.22,3.23,196740444.0
2022-06-16,3.24,3.25,3.22,3.23,148140347.0
2022-06-17,3.23,3.24,3.22,3.23,139422182.0
2022-06-20,3.23,3.23,3.21,3.22,102064084.0
2022-06-21,3.22,3.26,3.21,3.25,141733787.0
2022-06-22,3.25,3.26,3.23,3.23,124648156.0
2022-06-23,3.24,3.25,3.23,3.25,111815207.0
2022-06-24,3.25,3.26,3.24,3.25,130305041.0
2022-06-27,3.25,3.26,3.24,3.25,142387828.0
2022-06-28,3.25,3.26,3.24,3.25,124881605.0
2022-06-29,3.24,3.26,3.24,3.26,145262952.0
2022-06-30,3.25,3.27,3.25,3.26,132741063.0
2022-07-01,3.26,3.27,3.26,3.26,107827360.0
2022-07-04,3.27,3.3,3.26,3.29,158278952.0
2022-07-05,3.29,3.31,3.28,3.3,109701716.0
2022-07-06,3.31,3.31,3.29,3.29,155208120.0
2022-07-07,3.3,3.3,3.29,3.29,96617787.0
2022-07-08,3.3,3.31,3.29,3.3,130241201.0
2022-07-11,3.31,3.34,3.3,3.32,192268722.0
2022-07-12,3.33,3.35,3.32,3.33,223921378.0
2022-07-13,3.33,3.34,3.28,3.29,225351639.0
2022-07-14,3.27,3.28,3.21,3.23,225707808.0
2022-07-15,3.03,3.04,3.0,3.0,273232104.0
2022-07-18,3.01,3.03,3.0,3.02,134613640.0
2022-07-19,3.03,3.05,3.02,3.04,102681408.0
2022-07-20,3.06,3.08,3.05,3.08,98414346.0
2022-07-21,3.09,3.1,3.06,3.06,113297249.0
2022-07-22,3.06,3.08,3.06,3.08,73960909.0
2022-07-25,3.08,3.09,3.07,3.09,54227394.0
2022-07-26,3.09,3.12,3.09,3.11,121188561.0
2022-07-27,3.11,3.11,3.09,3.09,91483843.0
2022-07-28,3.09,3.09,3.06,3.07,99149343.0
2022-07-29,3.07,3.07,3.05,3.06,123286311.0
2022-08-01,3.05,3.06,3.04,3.04,126754495.0
2022-08-02,3.04,3.04,3.02,3.02,118161970.0
2022-08-03,3.03,3.04,3.01,3.01,141579051.0
2022-08-04,3.02,3.04,3.01,3.03,72169836.0
2022-08-05,3.04,3.05,3.03,3.04,80123699.0
2022-08-08,3.05,3.05,3.03,3.03,62631923.0
2022-08-09,3.03,3.04,3.02,3.02,51354312.0
2022-08-10,3.03,3.04,3.02,3.02,52157206.0
2022-08-11,3.03,3.05,3.02,3.05,74187883.0
2022-08-12,3.05,3.05,3.03,3.04,90434370.0
2022-08-15,3.04,3.05,3.03,3.03,74872124.0
2022-08-16,3.03,3.05,3.03,3.03,67607430.0
2022-08-17,3.04,3.04,3.03,3.04,78567086.0
2022-08-18,3.04,3.04,3.02,3.02,80063491.0
2022-08-19,3.02,3.04,3.02,3.03,90415101.0
2022-08-22,3.02,3.03,3.02,3.02,86923624.0
2022-08-23,3.02,3.03,3.01,3.01,75429339.0
2022-08-24,3.01,3.03,3.01,3.01,106814759.0
2022-08-25,3.02,3.03,3.01,3.03,81020311.0
2022-08-26,3.03,3.03,3.01,3.02,69877582.0
2022-08-29,3.02,3.03,3.01,3.02,98104781.0
2022-08-30,3.02,3.04,3.02,3.03,91508323.0
2022-08-31,3.04,3.05,3.03,3.04,124951539.0
2022-09-01,3.05,3.06,3.04,3.05,96042898.0
2022-09-02,3.06,3.06,3.04,3.04,83102686.0
2022-09-05,3.04,3.06,3.04,3.05,82660879.0
2022-09-06,3.06,3.07,3.05,3.07,91630101.0
2022-09-07,3.07,3.07,3.06,3.06,61096711.0
2022-09-08,3.07,3.07,3.06,3.06,44417093.0
2022-09-09,3.07,3.09,3.06,3.08,93780393.0
2022-09-13,3.09,3.09,3.07,3.08,109715783.0
2022-09-14,3.07,3.08,3.07,3.07,61667247.0
2022-09-15,3.07,3.1,3.07,3.09,138372957.0
2022-09-16,3.1,3.1,3.05,3.05,130119163.0
2022-09-19,3.06,3.08,3.05,3.08,96413485.0
2022-09-20,3.09,3.09,3.06,3.07,124474985.0
2022-09-21,3.07,3.08,3.05,3.07,83992047.0
2022-09-22,3.07,3.08,3.06,3.07,92222319.0
2022-09-23,3.08,3.1,3.07,3.1,169034302.0
2022-09-26,3.1,3.11,3.06,3.06,140392825.0
2022-09-27,3.07,3.08,3.05,3.05,86579287.0
2022-09-28,3.06,3.08,3.04,3.07,114531908.0
2022-09-29,3.08,3.09,3.05,3.05,96899780.0
2022-09-30,3.06,3.09,3.05,3.09,127961507.0
2022-10-10,3.08,3.09,3.06,3.07,120890375.0
2022-10-11,3.07,3.08,3.06,3.06,107772247.0
2022-10-12,3.06,3.08,3.05,3.07,118989573.0
2022-10-13,3.06,3.07,3.05,3.05,86955664.0
2022-10-14,3.06,3.08,3.06,3.06,94382812.0
2022-10-17,3.06,3.06,3.05,3.05,77051347.0
2022-10-18,3.06,3.07,3.05,3.05,90180936.0
2022-10-19,3.05,3.06,3.05,3.05,65183649.0
2022-10-20,3.05,3.06,3.04,3.05,95315241.0
2022-10-21,3.05,3.08,3.05,3.07,143775202.0
2022-10-24,3.07,3.08,3.06,3.06,179927707.0
2022-10-25,3.06,3.07,3.05,3.05,140010265.0
2022-10-26,3.06,3.06,3.04,3.04,133635973.0
2022-10-27,3.05,3.05,3.03,3.03,139886596.0
2022-10-28,3.04,3.06,3.03,3.06,162996080.0
2022-10-31,3.05,3.06,3.01,3.01,181116217.0
2022-11-01,3.01,3.03,3.0,3.02,191792262.0
2022-11-02,3.01,3.01,2.99,3.0,136796843.0
2022-11-03,3.0,3.02,2.99,3.01,87394641.0
2022-11-04,3.01,3.04,3.01,3.04,110639095.0
2022-11-07,3.04,3.04,3.03,3.04,73108247.0
2022-11-08,3.04,3.04,3.02,3.04,106204710.0
2022-11-09,3.03,3.04,3.03,3.04,54728787.0
2022-11-10,3.03,3.05,3.01,3.05,145383127.0
2022-11-11,3.05,3.07,3.04,3.06,155885389.0
2022-11-14,3.06,3.08,3.05,3.06,151006789.0
2022-11-15,3.06,3.07,3.05,3.06,79451328.0
2022-11-16,3.06,3.07,3.05,3.05,97887858.0
2022-11-17,3.05,3.06,3.04,3.05,72887304.0
2022-11-18,3.06,3.06,3.04,3.04,87791024.0
2022-11-21,3.04,3.06,3.04,3.05,78549383.0
2022-11-22,3.06,3.08,3.05,3.08,193927650.0
2022-11-23,3.08,3.11,3.06,3.1,251560552.0
2022-11-24,3.11,3.11,3.09,3.09,77907198.0
2022-11-25,3.1,3.14,3.09,3.13,212121618.0
2022-11-28,3.11,3.12,3.08,3.11,173296277.0
2022-11-29,3.11,3.15,3.11,3.14,191444499.0
2022-11-30,3.14,3.16,3.12,3.15,228597084.0
2022-12-01,3.15,3.16,3.1,3.1,178381657.0
2022-12-02,3.11,3.12,3.1,3.1,111891861.0
2022-12-05,3.12,3.15,3.11,3.15,172724263.0
2022-12-06,3.14,3.16,3.13,3.15,137966224.0
2022-12-07,3.16,3.17,3.14,3.14,151704730.0
2022-12-08,3.15,3.18,3.14,3.16,149180876.0
2022-12-09,3.17,3.17,3.15,3.16,110735837.0
2022-12-12,3.15,3.16,3.13,3.13,94153702.0
2022-12-13,3.13,3.17,3.13,3.16,103497967.0
2022-12-14,3.17,3.17,3.15,3.16,112826837.0
2022-12-15,3.17,3.17,3.14,3.14,75309560.0
2022-12-16,3.14,3.18,3.13,3.18,95367357.0
2022-12-19,3.17,3.19,3.15,3.15,98533646.0
2022-12-20,3.15,3.16,3.13,3.13,105749613.0
2022-12-21,3.13,3.14,3.12,3.12,64708549.0
2022-12-22,3.14,3.16,3.12,3.14,88405874.0
2022-12-23,3.13,3.14,3.12,3.13,67185650.0
2022-12-26,3.13,3.13,3.11,3.11,74086766.0
2022-12-27,3.13,3.15,3.12,3.15,68385310.0
2022-12-28,3.15,3.17,3.14,3.16,78330948.0
2022-12-29,3.17,3.17,3.14,3.15,124477033.0
2022-12-30,3.17,3.17,3.15,3.16,122020486.0
2023-01-03,3.17,3.17,3.15,3.16,131110342.0
2023-01-04,3.16,3.21,3.16,3.2,200733667.0
2023-01-05,3.21,3.23,3.2,3.2,118047136.0
2023-01-06,3.21,3.22,3.18,3.21,125852654.0
2023-01-09,3.21,3.22,3.19,3.19,83515552.0
2023-01-10,3.2,3.2,3.18,3.18,66547032.0
2023-01-11,3.18,3.2,3.18,3.19,79022772.0
2023-01-12,3.2,3.2,3.18,3.19,85189631.0
2023-01-13,3.2,3.23,3.19,3.23,121654168.0
2023-01-16,3.23,3.25,3.21,3.21,150522392.0
2023-01-17,3.21,3.22,3.2,3.22,96610670.0
2023-01-18,3.23,3.23,3.21,3.21,77946966.0
2023-01-19,3.22,3.22,3.2,3.22,60890365.0
2023-01-20,3.22,3.23,3.21,3.22,75151339.0
2023-01-30,3.24,3.25,3.21,3.23,149912574.0
2023-01-31,3.23,3.24,3.22,3.22,88604596.0
2023-02-01,3.22,3.23,3.2,3.22,108913528.0
2023-02-02,3.22,3.22,3.2,3.21,95902999.0
2023-02-03,3.21,3.22,3.2,3.21,100975924.0
2023-02-06,3.2,3.21,3.19,3.2,111525091.0
2023-02-07,3.2,3.21,3.19,3.19,65696219.0
2023-02-08,3.2,3.21,3.19,3.2,48409900.0
2023-02-09,3.21,3.21,3.2,3.21,51333890.0
2023-02-10,3.21,3.23,3.2,3.23,74722050.0
2023-02-13,3.23,3.23,3.21,3.21,80093585.0
2023-02-14,3.21,3.22,3.2,3.2,69687157.0
2023-02-15,3.21,3.21,3.2,3.2,36648820.0
2023-02-16,3.2,3.23,3.2,3.21,123648447.0
2023-02-17,3.22,3.23,3.21,3.22,79385789.0
2023-02-20,3.22,3.24,3.22,3.24,77084385.0
2023-02-21,3.24,3.24,3.23,3.24,60852608.0
2023-02-22,3.24,3.24,3.23,3.23,52939766.0
2023-02-23,3.24,3.24,3.22,3.23,98125190.0
2023-02-24,3.24,3.24,3.22,3.22,51398186.0
2023-02-27,3.22,3.22,3.21,3.21,57616339.0
2023-02-28,3.22,3.23,3.21,3.23,85384832.0
2023-03-01,3.23,3.24,3.22,3.24,74150580.0
2023-03-02,3.24,3.27,3.23,3.26,131111406.0
2023-03-03,3.27,3.32,3.26,3.31,188952449.0
2023-03-06,3.31,3.33,3.3,3.31,159190598.0
2023-03-07,3.31,3.41,3.3,3.34,330385225.0
2023-03-08,3.32,3.36,3.3,3.33,187085097.0
2023-03-09,3.34,3.38,3.33,3.35,224044140.0
2023-03-10,3.33,3.36,3.3,3.3,132462634.0
2023-03-13,3.29,3.33,3.28,3.32,124682895.0
2023-03-14,3.31,3.34,3.3,3.33,146560260.0
2023-03-15,3.35,3.4,3.34,3.39,237150206.0
2023-03-16,3.39,3.55,3.38,3.49,580690527.0
2023-03-17,3.51,3.52,3.44,3.48,421627133.0
2023-03-20,3.47,3.58,3.47,3.51,412149934.0
2023-03-21,3.5,3.53,3.41,3.43,304180208.0
2023-03-22,3.43,3.47,3.41,3.44,221591441.0
2023-03-23,3.44,3.49,3.43,3.47,186147346.0
2023-03-24,3.48,3.48,3.4,3.4,246398006.0
2023-03-27,3.4,3.4,3.33,3.36,228519248.0
2023-03-28,3.37,3.38,3.34,3.38,151853505.0
2023-03-29,3.38,3.43,3.35,3.39,226228868.0
2023-03-30,3.4,3.45,3.36,3.4,191528971.0
2023-03-31,3.39,3.42,3.37,3.38,154458817.0
2023-04-03,3.38,3.39,3.35,3.36,174610298.0
2023-04-04,3.37,3.43,3.35,3.43,237369205.0
2023-04-06,3.42,3.46,3.41,3.44,145282636.0
2023-04-07,3.44,3.45,3.41,3.43,118461830.0
2023-04-10,3.43,3.45,3.41,3.43,150665699.0
2023-04-11,3.44,3.46,3.42,3.46,191372454.0
2023-04-12,3.46,3.53,3.45,3.49,277212370.0
2023-04-13,3.49,3.55,3.48,3.54,217472683.0
2023-04-14,3.54,3.55,3.5,3.51,157922606.0
2023-04-17,3.51,3.58,3.5,3.58,282708720.0
2023-04-18,3.58,3.64,3.57,3.6,275066262.0
2023-04-19,3.6,3.64,3.58,3.61,217108696.0
2023-04-20,3.6,3.64,3.57,3.6,229313181.0
2023-04-21,3.59,3.65,3.57,3.58,284943173.0
2023-04-24,3.58,3.66,3.57,3.62,311925242.0
2023-04-25,3.64,3.71,3.63,3.67,335322299.0
2023-04-26,3.67,3.69,3.58,3.66,306562428.0
2023-04-27,3.66,3.68,3.61,3.67,186113552.0
2023-04-28,3.66,3.69,3.63,3.67,226704779.0
2023-05-04,3.65,3.97,3.65,3.94,631070023.0
2023-05-05,3.93,4.18,3.93,4.08,665262112.0
2023-05-08,4.09,4.49,4.08,4.49,941382675.0
2023-05-09,4.65,4.77,4.43,4.56,1310416599.0
2023-05-10,4.45,4.5,4.24,4.31,1078241969.0
2023-05-11,4.26,4.31,4.13,4.16,784238054.0
2023-05-12,4.15,4.2,4.1,4.16,531245828.0
2023-05-15,4.1,4.2,3.99,4.18,706461545.0
2023-05-16,4.15,4.32,4.13,4.19,670751951.0
2023-05-17,4.16,4.22,4.08,4.15,354923904.0
2023-05-18,4.16,4.27,4.16,4.21,442986511.0
2023-05-19,4.19,4.2,4.11,4.16,275512633.0
2023-05-22,4.18,4.24,4.14,4.17,277860661.0
2023-05-23,4.15,4.18,4.03,4.04,337049586.0
2023-05-24,4.02,4.02,3.88,3.89,491028400.0
2023-05-25,3.86,3.89,3.83,3.89,280922299.0
2023-05-26,3.88,3.92,3.84,3.89,238655912.0
2023-05-29,3.89,4.02,3.88,3.98,297568246.0
2023-05-30,3.96,3.99,3.9,3.93,261902967.0
2023-05-31,3.93,3.94,3.88,3.9,205519842.0
2023-06-01,3.9,3.94,3.85,3.91,239958427.0
2023-06-02,3.91,3.94,3.86,3.89,248662637.0
2023-06-05,3.88,3.98,3.86,3.98,303274910.0
2023-06-06,3.96,4.07,3.95,3.99,287616913.0
2023-06-07,4.0,4.08,3.99,4.04,246819846.0
2023-06-08,4.06,4.21,4.0,4.15,378819309.0
2023-06-09,4.15,4.18,4.09,4.13,273257633.0
2023-06-12,4.11,4.12,4.02,4.04,269742028.0
2023-06-13,4.03,4.08,4.02,4.06,144130792.0
2023-06-14,4.06,4.1,3.99,4.0,285583339.0
2023-06-15,4.01,4.05,3.97,4.01,181084355.0
2023-06-16,4.01,4.03,3.95,3.96,255840522.0
2023-06-19,3.96,3.97,3.89,3.9,279652432.0
2023-06-20,3.91,3.93,3.86,3.87,175346924.0
2023-06-21,3.87,3.94,3.84,3.88,230816583.0
2023-06-26,3.87,3.87,3.76,3.78,252428043.0
2023-06-27,3.78,3.87,3.76,3.86,182924388.0
2023-06-28,3.86,3.9,3.83,3.87,156523776.0
2023-06-29,3.87,3.88,3.82,3.86,151302217.0
2023-06-30,3.87,3.93,3.85,3.91,179058522.0
2023-07-03,3.92,4.0,3.9,3.98,181310274.0
2023-07-04,3.98,3.98,3.9,3.92,185500410.0
2023-07-05,3.91,3.94,3.88,3.92,151022394.0
2023-07-06,3.9,3.92,3.87,3.89,159507269.0
2023-07-07,3.87,3.91,3.86,3.88,122138130.0
2023-07-10,3.89,3.91,3.88,3.89,89067481.0
2023-07-11,3.89,3.93,3.89,3.93,113642540.0
2023-07-12,3.94,3.95,3.92,3.93,139650474.0
2023-07-13,3.94,4.0,3.94,3.99,169345874.0
2023-07-14,3.99,4.02,3.95,3.99,220776521.0
2023-07-17,3.78,3.79,3.74,3.77,166940098.0
2023-07-18,3.78,3.78,3.7,3.71,204961536.0
2023-07-19,3.7,3.72,3.68,3.72,122485185.0
2023-07-20,3.72,3.76,3.72,3.73,110058315.0
2023-07-21,3.72,3.75,3.71,3.74,93900950.0
2023-07-24,3.73,3.74,3.69,3.71,116608026.0
2023-07-25,3.73,3.81,3.72,3.81,202199310.0
2023-07-26,3.81,3.85,3.77,3.79,119371892.0
2023-07-27,3.79,3.88,3.78,3.82,185360929.0
2023-07-28,3.82,3.92,3.8,3.91,252603774.0
2023-07-31,3.95,3.98,3.87,3.91,233086780.0
2023-08-01,3.91,3.95,3.89,3.93,149887268.0
2023-08-02,3.9,3.91,3.81,3.82,281130848.0
2023-08-03,3.83,3.87,3.8,3.87,134064164.0
2023-08-04,3.88,3.91,3.85,3.89,189218721.0
2023-08-07,3.87,3.88,3.81,3.86,132388633.0
2023-08-08,3.85,3.86,3.82,3.83,102765479.0
2023-08-09,3.83,3.85,3.82,3.84,83260303.0
2023-08-10,3.83,3.84,3.81,3.83,79211633.0
2023-08-11,3.83,3.86,3.78,3.78,169439118.0
2023-08-14,3.75,3.76,3.69,3.72,158907541.0
2023-08-15,3.73,3.84,3.72,3.82,222225544.0
2023-08-16,3.8,3.82,3.76,3.81,129332445.0
2023-08-17,3.8,3.82,3.74,3.77,137760644.0
2023-08-18,3.77,3.82,3.77,3.78,132725785.0
2023-08-21,3.79,3.8,3.73,3.73,114630961.0
2023-08-22,3.73,3.79,3.73,3.79,136113786.0
2023-08-23,3.79,3.85,3.77,3.83,179745303.0
2023-08-24,3.83,3.84,3.77,3.78,139880001.0
2023-08-25,3.77,3.81,3.77,3.79,161917100.0
2023-08-28,3.94,3.95,3.8,3.84,271252607.0
2023-08-29,3.83,3.85,3.78,3.8,189578514.0
2023-08-30,3.8,3.8,3.75,3.76,175412159.0
2023-08-31,3.75,3.79,3.74,3.75,136168414.0
2023-09-01,3.75,3.76,3.7,3.71,224250710.0
2023-09-04,3.72,3.75,3.71,3.73,215340957.0
2023-09-05,3.73,3.73,3.71,3.71,90534871.0
2023-09-06,3.71,3.72,3.7,3.71,93932714.0
2023-09-07,3.72,3.73,3.7,3.71,148846160.0
2023-09-08,3.71,3.71,3.67,3.68,111351052.0
2023-09-11,3.69,3.7,3.66,3.69,130594845.0
2023-09-12,3.68,3.69,3.66,3.67,92124082.0
2023-09-13,3.67,3.69,3.66,3.69,91951313.0
2023-09-14,3.69,3.74,3.68,3.73,204197939.0
2023-09-15,3.73,3.75,3.69,3.7,218638759.0
2023-09-18,3.7,3.71,3.67,3.7,135263872.0
2023-09-19,3.7,3.74,3.69,3.73,194447703.0
2023-09-20,3.74,3.79,3.72,3.78,231722104.0
2023-09-21,3.78,3.8,3.74,3.76,206833265.0
2023-09-22,3.76,3.79,3.74,3.79,192013842.0
2023-09-25,3.79,3.81,3.76,3.8,192074062.0
2023-09-26,3.81,3.82,3.77,3.78,143694862.0
2023-09-27,3.78,3.79,3.74,3.74,154195169.0
2023-09-28,3.74,3.78,3.74,3.77,122602431.0
2023-10-09,3.74,3.77,3.69,3.76,182671107.0
2023-10-10,3.76,3.79,3.73,3.74,139469384.0
2023-10-11,3.74,3.78,3.73,3.77,166005986.0
2023-10-12,3.84,3.9,3.81,3.89,470914668.0
2023-10-13,3.87,4.02,3.86,3.97,465273453.0
2023-10-16,3.96,4.0,3.92,3.99,262981563.0
2023-10-17,3.98,4.0,3.96,3.98,161438645.0
2023-10-18,3.97,4.03,3.96,4.02,234041941.0
2023-10-19,4.0,4.01,3.92,3.97,301912121.0
2023-10-20,3.94,3.98,3.91,3.94,201033376.0
2023-10-23,3.93,3.96,3.88,3.92,218221870.0
2023-10-24,3.92,3.93,3.83,3.84,237866870.0
2023-10-25,3.86,3.87,3.8,3.82,172927871.0
2023-10-26,3.82,3.89,3.8,3.88,171107258.0
2023-10-27,3.88,3.95,3.85,3.89,252554238.0
2023-10-30,3.86,3.89,3.79,3.84,330306624.0
2023-10-31,3.84,3.92,3.82,3.9,228710522.0
2023-11-01,3.91,3.94,3.88,3.92,143484020.0
2023-11-02,3.94,3.98,3.93,3.95,134366335.0
2023-11-03,3.95,3.96,3.89,3.89,172724411.0
2023-11-06,3.9,3.91,3.83,3.84,256610910.0
2023-11-07,3.84,3.9,3.83,3.89,176048068.0
2023-11-08,3.87,3.92,3.87,3.88,175100720.0
2023-11-09,3.88,3.96,3.88,3.95,240132476.0
2023-11-10,3.94,3.99,3.91,3.95,191965005.0
2023-11-13,3.96,3.96,3.9,3.94,100246844.0
2023-11-14,3.94,3.98,3.93,3.96,132129569.0
2023-11-15,3.98,3.99,3.93,3.95,145447760.0
2023-11-16,3.97,3.99,3.93,3.97,172051545.0
2023-11-17,3.96,3.98,3.93,3.95,111892876.0
2023-11-20,3.95,3.98,3.94,3.97,107044853.0
2023-11-21,3.98,3.99,3.96,3.97,129114146.0
2023-11-22,3.96,3.99,3.94,3.97,139509274.0
2023-11-23,3.98,3.99,3.96,3.96,94855250.0
2023-11-24,3.96,3.99,3.95,3.98,144039759.0
2023-11-27,3.98,3.99,3.94,3.98,175017593.0
2023-11-28,3.97,3.98,3.96,3.97,134163227.0
2023-11-29,3.97,4.0,3.96,3.98,165165082.0
2023-11-30,3.98,4.0,3.96,3.99,159897206.0
2023-12-01,3.99,4.06,3.98,4.04,241289808.0
2023-12-04,4.03,4.05,4.02,4.03,118609900.0
2023-12-05,4.04,4.05,4.01,4.01,170890412.0
2023-12-06,4.0,4.01,3.93,3.96,219287961.0
2023-12-07,3.96,4.01,3.93,3.99,233086785.0
2023-12-08,3.99,4.0,3.91,3.94,444899798.0
2023-12-11,3.92,3.94,3.82,3.92,322524275.0
2023-12-12,3.92,3.98,3.89,3.98,212756105.0
2023-12-13,3.98,4.0,3.96,3.98,153605158.0
2023-12-14,3.99,4.0,3.95,3.98,133399783.0
2023-12-15,3.97,3.98,3.91,3.91,203309474.0
2023-12-18,3.9,3.99,3.9,3.99,264559689.0
2023-12-19,3.99,4.0,3.96,3.97,118244244.0
2023-12-20,3.98,4.03,3.97,3.99,162518270.0
2023-12-21,3.98,4.0,3.95,3.98,168090273.0
2023-12-22,3.99,4.01,3.97,3.99,172164040.0
2023-12-25,3.99,4.03,3.98,4.02,112311710.0
2023-12-26,4.02,4.06,4.01,4.03,174125016.0
2023-12-27,4.03,4.05,4.0,4.05,133353000.0
2023-12-28,4.05,4.07,3.99,3.99,267378672.0
2023-12-29,3.99,4.01,3.97,3.99,131607896.0
2024-01-02,3.99,4.04,3.98,4.01,167052841.0
2024-01-03,4.01,4.06,4.01,4.05,183377660.0
2024-01-04,4.05,4.15,4.04,4.14,256306363.0
2024-01-05,4.14,4.19,4.1,4.12,214880085.0
2024-01-08,4.12,4.15,4.08,4.1,186333583.0
2024-01-09,4.09,4.12,4.05,4.1,166919951.0
2024-01-10,4.1,4.13,4.04,4.04,203708518.0
2024-01-11,4.03,4.04,3.98,3.98,203953985.0
2024-01-12,3.97,4.04,3.97,4.03,156383098.0
2024-01-15,4.03,4.05,4.01,4.05,129558959.0
2024-01-16,4.04,4.07,4.02,4.07,186165023.0
2024-01-17,4.06,4.1,4.03,4.03,217728928.0
2024-01-18,4.03,4.04,3.89,4.01,398524417.0
2024-01-19,4.0,4.0,3.95,3.97,243185844.0
2024-01-22,3.97,4.03,3.95,4.0,289722201.0
2024-01-23,3.98,4.0,3.95,3.98,220844247.0
2024-01-24,3.99,4.1,3.98,4.1,270184731.0
2024-01-25,4.11,4.17,4.1,4.15,240280996.0
2024-01-26,4.14,4.29,4.14,4.28,338161640.0
2024-01-29,4.29,4.35,4.24,4.3,274380378.0
2024-01-30,4.28,4.34,4.23,4.27,208305689.0
2024-01-31,4.25,4.35,4.24,4.32,250145132.0
2024-02-01,4.31,4.33,4.27,4.27,207757060.0
2024-02-02,4.28,4.33,4.25,4.32,282839382.0
2024-02-05,4.3,4.45,4.28,4.44,398751528.0
2024-02-06,4.44,4.51,4.4,4.46,362253486.0
2024-02-07,4.43,4.45,4.24,4.35,474552707.0
2024-02-08,4.32,4.34,4.19,4.31,349456882.0
2024-02-19,4.3,4.52,4.27,4.51,358566170.0
2024-02-20,4.5,4.55,4.46,4.53,188611547.0
2024-02-21,4.52,4.64,4.51,4.56,218315737.0
2024-02-22,4.56,4.58,4.52,4.56,152926631.0
2024-02-23,4.57,4.67,4.56,4.6,192314923.0
2024-02-26,4.6,4.6,4.45,4.46,231359421.0
2024-02-27,4.45,4.51,4.43,4.46,156993738.0
2024-02-28,4.46,4.5,4.38,4.46,231075058.0
2024-02-29,4.45,4.48,4.43,4.47,177942425.0
2024-03-01,4.47,4.5,4.44,4.48,188682830.0
2024-03-04,4.47,4.54,4.45,4.51,192842250.0
2024-03-05,4.51,4.61,4.51,4.6,207707420.0
2024-03-06,4.6,4.63,4.54,4.55,170246452.0
2024-03-07,4.55,4.58,4.53,4.57,141901702.0
2024-03-08,4.56,4.58,4.53,4.55,117178156.0
2024-03-11,4.55,4.56,4.5,4.51,171416127.0
2024-03-12,4.51,4.51,4.39,4.39,257246315.0
2024-03-13,4.39,4.4,4.35,4.36,195789334.0
2024-03-14,4.35,4.41,4.34,4.37,162453962.0
2024-03-15,4.37,4.4,4.35,4.35,129543243.0
2024-03-18,4.35,4.36,4.3,4.35,176963572.0
2024-03-19,4.34,4.34,4.29,4.29,166392738.0
2024-03-20,4.28,4.38,4.27,4.35,158331753.0
2024-03-21,4.36,4.42,4.35,4.37,173950282.0
2024-03-22,4.38,4.41,4.35,4.39,155670272.0
2024-03-25,4.39,4.42,4.36,4.4,141982701.0
2024-03-26,4.41,4.44,4.37,4.44,158314805.0
2024-03-27,4.44,4.53,4.43,4.49,166417009.0
2024-03-28,4.48,4.49,4.37,4.38,219075156.0
2024-03-29,4.37,4.45,4.36,4.4,168797456.0
2024-04-01,4.41,4.47,4.39,4.46,180010859.0
2024-04-02,4.47,4.51,4.45,4.5,130503433.0
2024-04-03,4.49,4.52,4.46,4.48,131281585.0
2024-04-08,4.47,4.55,4.44,4.53,180091455.0
2024-04-09,4.53,4.57,4.47,4.49,164582852.0
2024-04-10,4.48,4.53,4.48,4.5,138645132.0
2024-04-11,4.5,4.51,4.46,4.48,117529510.0
2024-04-12,4.48,4.51,4.45,4.49,157180391.0
2024-04-15,4.49,4.59,4.48,4.59,225622080.0
2024-04-16,4.58,4.65,4.55,4.64,243578220.0
2024-04-17,4.62,4.69,4.55,4.66,243918366.0
2024-04-18,4.65,4.73,4.64,4.69,260096872.0
2024-04-19,4.69,4.74,4.68,4.72,150963300.0
2024-04-22,4.74,4.78,4.65,4.66,201102713.0
2024-04-23,4.66,4.72,4.62,4.66,202561503.0
2024-04-24,4.66,4.68,4.62,4.63,132581646.0
2024-04-25,4.63,4.66,4.6,4.65,164718824.0
2024-04-26,4.65,4.68,4.55,4.56,257369376.0
2024-04-29,4.55,4.6,4.53,4.57,211116619.0
2024-04-30,4.56,4.61,4.54,4.59,192288273.0
2024-05-06,4.61,4.62,4.47,4.48,394654586.0
2024-05-07,4.48,4.49,4.42,4.48,242697714.0
2024-05-08,4.48,4.53,4.48,4.51,181812721.0
2024-05-09,4.53,4.53,4.46,4.47,168154498.0
2024-05-10,4.47,4.5,4.45,4.47,164434931.0
2024-05-13,4.47,4.48,4.43,4.46,166800111.0
2024-05-14,4.46,4.47,4.42,4.42,168048987.0
2024-05-15,4.42,4.46,4.42,4.44,126861111.0
2024-05-16,4.44,4.48,4.42,4.47,159200943.0
2024-05-17,4.47,4.49,4.45,4.49,154369929.0
2024-05-20,4.49,4.54,4.47,4.47,203389961.0
2024-05-21,4.47,4.51,4.45,4.51,168482143.0
2024-05-22,4.51,4.54,4.49,4.53,141491366.0
2024-05-23,4.53,4.54,4.49,4.52,154854933.0
2024-05-24,4.51,4.53,4.48,4.48,136877247.0
2024-05-27,4.49,4.52,4.48,4.51,137485256.0
2024-05-28,4.51,4.52,4.47,4.48,163078102.0
2024-05-29,4.47,4.48,4.43,4.45,187756598.0
2024-05-30,4.44,4.47,4.4,4.41,179812217.0
2024-05-31,4.41,4.45,4.41,4.44,134737239.0
2024-06-03,4.44,4.46,4.41,4.44,141784758.0
2024-06-04,4.44,4.45,4.43,4.44,92280860.0
2024-06-05,4.44,4.46,4.42,4.45,109343236.0
2024-06-06,4.44,4.47,4.44,4.45,147063016.0
2024-06-07,4.45,4.53,4.44,4.53,249526464.0
2024-06-11,4.53,4.56,4.46,4.46,209145139.0
2024-06-12,4.46,4.46,4.38,4.41,198311460.0
2024-06-13,4.41,4.45,4.4,4.45,124257637.0
2024-06-14,4.45,4.49,4.43,4.48,170373186.0
2024-06-17,4.48,4.48,4.42,4.43,138062959.0
2024-06-18,4.43,4.45,4.4,4.44,108895102.0
2024-06-19,4.44,4.49,4.43,4.48,158838448.0
2024-06-20,4.48,4.5,4.46,4.49,108144373.0
2024-06-21,4.49,4.51,4.46,4.47,130423465.0
2024-06-24,4.48,4.5,4.46,4.49,148737176.0
2024-06-25,4.49,4.53,4.48,4.52,202776979.0
2024-06-26,4.51,4.58,4.51,4.55,184573342.0
2024-06-27,4.55,4.63,4.54,4.61,226128197.0
2024-06-28,4.61,4.63,4.59,4.62,162223187.0
2024-07-01,4.62,4.7,4.6,4.67,195508252.0
2024-07-02,4.67,4.76,4.66,4.76,224677163.0
2024-07-03,4.76,4.79,4.67,4.71,215707951.0
2024-07-04,4.71,4.75,4.7,4.74,146257032.0
2024-07-05,4.74,4.75,4.62,4.63,224365975.0
2024-07-08,4.64,4.71,4.62,4.69,194208720.0
2024-07-09,4.69,4.75,4.66,4.74,175552680.0
2024-07-10,4.74,4.78,4.73,4.75,137590833.0
2024-07-11,4.75,4.76,4.67,4.7,215789636.0
2024-07-12,4.69,4.79,4.68,4.77,207327456.0
2024-07-15,4.77,4.87,4.76,4.85,219146122.0
2024-07-16,4.87,4.97,4.84,4.88,333215812.0
2024-07-17,4.65,4.68,4.61,4.66,282409959.0
2024-07-18,4.66,4.67,4.61,4.66,190394576.0
2024-07-19,4.66,4.68,4.6,4.67,213419778.0
2024-07-22,4.65,4.67,4.6,4.65,180067070.0
2024-07-23,4.64,4.81,4.63,4.76,280630309.0
2024-07-24,4.74,4.8,4.73,4.76,200928699.0
2024-07-25,4.75,4.78,4.66,4.73,200097004.0
2024-07-26,4.73,4.73,4.58,4.63,240079585.0
2024-07-29,4.65,4.76,4.57,4.74,226429707.0
2024-07-30,4.75,4.78,4.72,4.77,158416497.0
2024-07-31,4.78,4.78,4.66,4.66,239307440.0
2024-08-01,4.66,4.74,4.6,4.69,174642792.0
2024-08-02,4.69,4.74,4.66,4.7,138897781.0
2024-08-05,4.7,4.72,4.64,4.67,167968404.0
2024-08-06,4.66,4.68,4.58,4.61,178945901.0
2024-08-07,4.61,4.66,4.59,4.62,141953511.0
2024-08-08,4.63,4.65,4.61,4.62,73465905.0
2024-08-09,4.62,4.65,4.6,4.63,96115932.0
2024-08-12,4.63,4.68,4.62,4.66,102727927.0
2024-08-13,4.65,4.72,4.64,4.7,149191970.0
2024-08-14,4.7,4.73,4.69,4.72,94814228.0
2024-08-15,4.72,4.76,4.71,4.75,129166405.0
2024-08-16,4.75,4.82,4.74,4.81,153312967.0
2024-08-19,4.81,4.93,4.79,4.92,192969469.0
2024-08-20,4.93,4.97,4.88,4.96,182475890.0
2024-08-21,4.95,4.97,4.87,4.95,140557753.0
2024-08-22,4.95,5.09,4.94,5.07,214650766.0
2024-08-23,5.07,5.09,5.0,5.08,152449886.0
2024-08-26,5.06,5.08,5.0,5.08,137483202.0
2024-08-27,5.07,5.17,5.06,5.17,187745937.0
2024-08-28,5.16,5.2,5.08,5.12,206616031.0
2024-08-29,5.11,5.12,4.89,4.91,297435772.0
2024-08-30,4.91,4.96,4.79,4.79,378075167.0
2024-09-02,4.77,4.93,4.73,4.9,264042411.0
2024-09-03,4.88,4.9,4.71,4.76,243637889.0
2024-09-04,4.74,4.8,4.71,4.74,153994793.0
2024-09-05,4.74,4.77,4.65,4.71,170267229.0
2024-09-06,4.71,4.8,4.71,4.72,110378260.0
2024-09-09,4.74,4.74,4.62,4.68,132881462.0
2024-09-10,4.7,4.81,4.69,4.8,194804893.0
2024-09-11,4.78,4.79,4.62,4.63,196461878.0
2024-09-12,4.62,4.66,4.58,4.63,135614509.0
2024-09-13,4.65,4.67,4.55,4.58,147627671.0
2024-09-18,4.6,4.66,4.59,4.65,119022612.0
2024-09-19,4.66,4.68,4.58,4.61,151005209.0
2024-09-20,4.6,4.65,4.57,4.64,163674263.0
2024-09-23,4.63,4.71,4.6,4.69,129778378.0
2024-09-24,4.72,4.9,4.7,4.9,266090547.0
2024-09-25,4.98,5.09,4.82,4.9,304060722.0
2024-09-26,4.9,5.0,4.87,4.99,294366626.0
2024-09-27,5.03,5.05,4.83,4.87,306440305.0
2024-09-30,4.86,5.09,4.75,5.0,802777316.0
2024-10-08,5.3,5.4,4.92,4.97,832929630.0
2024-10-09,4.95,4.98,4.8,4.81,575567867.0
2024-10-10,4.84,5.1,4.83,5.01,563798117.0
2024-10-11,5.03,5.14,4.95,5.02,334033665.0
2024-10-14,5.07,5.18,5.06,5.14,401207274.0
2024-10-15,5.12,5.13,5.01,5.02,270654116.0
2024-10-16,5.03,5.14,4.99,5.1,288884026.0
2024-10-17,5.1,5.14,5.05,5.05,188988781.0
2024-10-18,5.06,5.09,4.94,5.05,289552972.0
2024-10-21,5.05,5.05,4.93,4.95,282232187.0
2024-10-22,4.95,5.0,4.92,4.94,202407869.0
2024-10-23,4.95,4.96,4.92,4.96,170825071.0
2024-10-24,4.94,4.99,4.92,4.95,134299060.0
2024-10-25,4.94,4.95,4.9,4.91,168068154.0
2024-10-28,4.91,4.91,4.85,4.88,163470330.0
2024-10-29,4.88,4.92,4.86,4.9,161951359.0
2024-10-30,4.89,4.91,4.83,4.83,156696795.0
2024-10-31,4.84,4.86,4.81,4.82,166940804.0
2024-11-01,4.83,4.9,4.82,4.88,189850017.0
2024-11-04,4.89,4.9,4.81,4.89,144145567.0
2024-11-05,4.88,4.91,4.86,4.91,179576987.0
2024-11-06,4.91,4.91,4.87,4.89,149623782.0
2024-11-07,4.88,4.93,4.87,4.92,196967798.0
2024-11-08,4.93,4.94,4.85,4.86,247878143.0
2024-11-11,4.84,4.84,4.8,4.81,226469237.0
2024-11-12,4.81,4.85,4.79,4.79,176540327.0
2024-11-13,4.79,4.83,4.78,4.82,139841111.0
2024-11-14,4.8,4.86,4.78,4.84,222994987.0
2024-11-15,4.83,4.9,4.79,4.86,269925729.0
2024-11-18,4.88,5.03,4.88,5.0,437119030.0
2024-11-19,5.01,5.05,4.91,4.98,254357724.0
2024-11-20,4.98,5.0,4.94,4.96,169515945.0
2024-11-21,4.95,4.98,4.94,4.96,105766610.0
2024-11-22,4.96,4.98,4.91,4.91,158013531.0
2024-11-25,4.92,4.97,4.9,4.91,171404001.0
2024-11-26,4.91,5.0,4.88,4.99,197268844.0
2024-11-27,4.98,5.05,4.98,5.04,230333881.0
2024-11-28,5.02,5.06,5.0,5.03,140185864.0
2024-11-29,5.04,5.1,5.01,5.01,200863223.0
2024-12-02,5.01,5.02,4.96,5.01,168268882.0
2024-12-03,5.01,5.1,4.99,5.09,230857576.0
2024-12-04,5.08,5.12,5.06,5.11,165667032.0
2024-12-05,5.09,5.15,5.08,5.08,141108448.0
2024-12-06,5.08,5.14,5.07,5.1,224396113.0
2024-12-09,5.1,5.17,5.07,5.15,209392732.0
2024-12-10,5.19,5.24,5.13,5.21,222780831.0
2024-12-11,5.21,5.25,5.13,5.13,191518646.0
2024-12-12,5.14,5.21,5.12,5.2,184378062.0
2024-12-13,5.19,5.22,5.14,5.18,223783449.0
2024-12-16,5.19,5.3,5.19,5.26,234519846.0
2024-12-17,5.27,5.32,5.25,5.28,182663784.0
2024-12-18,5.28,5.34,5.25,5.28,202979922.0
2024-12-19,5.27,5.3,5.2,5.23,200749652.0
2024-12-20,5.24,5.31,5.24,5.26,167005976.0
2024-12-23,5.26,5.4,5.25,5.36,259772763.0
2024-12-24,5.38,5.44,5.34,5.43,210874090.0
2024-12-25,5.43,5.59,5.42,5.51,265533328.0
2024-12-26,5.51,5.53,5.39,5.5,236688016.0
2024-12-27,5.49,5.54,5.36,5.48,210912165.0
2024-12-30,5.46,5.54,5.45,5.53,199378103.0
2024-12-31,5.52,5.59,5.5,5.51,243872790.0
2025-01-02,5.51,5.56,5.33,5.37,267809557.0
2025-01-03,5.37,5.4,5.26,5.35,230171636.0
2025-01-06,5.35,5.41,5.21,5.39,228566588.0
2025-01-07,5.39,5.48,5.34,5.46,185805202.0
2025-01-08,5.46,5.56,5.43,5.52,225653497.0
2025-01-09,5.51,5.52,5.41,5.46,164478106.0
2025-01-10,5.47,5.48,5.37,5.45,164200862.0
2025-01-13,5.41,5.45,5.3,5.35,185774136.0
2025-01-14,5.36,5.44,5.35,5.43,157752823.0
2025-01-15,5.43,5.55,5.41,5.45,196107779.0
2025-01-16,5.47,5.5,5.42,5.48,129091334.0
2025-01-17,5.48,5.51,5.44,5.45,126339765.0
2025-01-20,5.46,5.47,5.4,5.41,131338078.0
2025-01-21,5.42,5.44,5.36,5.41,121086315.0
2025-01-22,5.42,5.42,5.3,5.31,174116676.0
2025-01-23,5.24,5.35,5.22,5.34,245875728.0
2025-01-24,5.34,5.36,5.26,5.31,139969769.0
2025-01-27,5.32,5.49,5.32,5.45,231212281.0
2025-02-05,5.46,5.47,5.31,5.32,215563787.0
2025-02-06,5.33,5.36,5.27,5.3,163336514.0
2025-02-07,5.3,5.3,5.24,5.28,201406010.0
2025-02-10,5.27,5.31,5.25,5.27,153186638.0
2025-02-11,5.28,5.38,5.27,5.38,207721547.0
2025-02-12,5.38,5.42,5.33,5.4,150845246.0
2025-02-13,5.38,5.44,5.37,5.41,148043097.0
2025-02-14,5.41,5.43,5.36,5.41,150428836.0
2025-02-17,5.42,5.45,5.36,5.44,151483442.0
2025-02-18,5.42,5.58,5.42,5.56,249119083.0
2025-02-19,5.53,5.6,5.51,5.53,173347644.0
2025-02-20,5.52,5.58,5.51,5.55,145796170.0
2025-02-21,5.55,5.56,5.45,5.46,245166766.0
2025-02-24,5.46,5.5,5.39,5.41,237696873.0
2025-02-25,5.42,5.44,5.33,5.36,252435870.0
2025-02-26,5.35,5.42,5.34,5.41,176546311.0
2025-02-27,5.4,5.45,5.34,5.43,218928330.0
2025-02-28,5.42,5.47,5.4,5.4,204479024.0
2025-03-03,5.41,5.44,5.32,5.42,242406622.0
2025-03-04,5.41,5.44,5.37,5.38,149783096.0
2025-03-05,5.38,5.49,5.36,5.47,251576463.0
2025-03-06,5.46,5.47,5.4,5.44,168412612.0
2025-03-07,5.44,5.46,5.41,5.41,135260626.0
2025-03-10,5.41,5.42,5.35,5.37,158931477.0
2025-03-11,5.36,5.39,5.34,5.39,163293737.0
2025-03-12,5.37,5.38,5.33,5.33,145097499.0
2025-03-13,5.33,5.36,5.32,5.33,146099309.0
2025-03-14,5.34,5.38,5.32,5.36,190656542.0
2025-03-17,5.36,5.39,5.34,5.37,150743956.0
2025-03-18,5.38,5.39,5.34,5.37,145667303.0
2025-03-19,5.38,5.44,5.36,5.43,198275317.0
2025-03-20,5.43,5.46,5.38,5.42,130824618.0
2025-03-21,5.41,5.44,5.35,5.36,159260550.0
2025-03-24,5.36,5.43,5.36,5.4,166988160.0
2025-03-25,5.4,5.48,5.39,5.48,180797800.0
2025-03-26,5.47,5.5,5.43,5.48,128176226.0
2025-03-27,5.47,5.53,5.44,5.53,169445477.0
2025-03-28,5.53,5.53,5.49,5.5,126474061.0
2025-03-31,5.54,5.64,5.46,5.6,303957309.0
2025-04-01,5.6,5.63,5.5,5.52,212101278.0
2025-04-02,5.5,5.61,5.5,5.59,160078866.0
2025-04-03,5.55,5.66,5.55,5.66,168446174.0
2025-04-07,5.58,5.63,5.29,5.44,458647782.0
2025-04-08,5.4,5.49,5.38,5.47,383322869.0
2025-04-09,5.45,5.49,5.38,5.41,330911112.0
2025-04-10,5.43,5.43,5.36,5.38,298046130.0
2025-04-11,5.39,5.42,5.36,5.42,216407770.0
2025-04-14,5.42,5.5,5.4,5.48,233699989.0
2025-04-15,5.47,5.6,5.47,5.58,243186757.0
2025-04-16,5.58,5.66,5.55,5.66,296744007.0
2025-04-17,5.65,5.66,5.57,5.66,174213725.0
2025-04-18,5.64,5.72,5.64,5.68,174302581.0
2025-04-21,5.68,5.82,5.62,5.63,242958231.0
2025-04-22,5.65,5.76,5.64,5.73,227208582.0
2025-04-23,5.74,5.77,5.68,5.71,167061618.0
2025-04-24,5.71,5.84,5.71,5.83,248785040.0
2025-04-25,5.75,5.76,5.63,5.66,276692793.0
2025-04-28,5.67,5.74,5.66,5.71,213439000.0
2025-04-29,5.72,5.74,5.67,5.7,147505971.0
2025-04-30,5.68,5.7,5.51,5.53,311040633.0
2025-05-06,5.55,5.55,5.45,5.49,249548738.0
2025-05-07,5.52,5.63,5.47,5.62,320530177.0
2025-05-08,5.6,5.66,5.59,5.6,176393322.0
2025-05-09,5.6,5.69,5.59,5.65,207561737.0
2025-05-12,5.65,5.67,5.57,5.63,244170300.0
2025-05-13,5.63,5.69,5.58,5.67,217997893.0
2025-05-14,5.65,5.72,5.63,5.68,223524206.0
2025-05-15,5.69,5.73,5.66,5.67,186326214.0
2025-05-16,5.67,5.69,5.59,5.63,247433118.0
2025-05-19,5.63,5.66,5.61,5.61,152971400.0
2025-05-20,5.62,5.65,5.58,5.61,153014691.0
2025-05-21,5.61,5.65,5.58,5.62,162050690.0
2025-05-22,5.62,5.65,5.59,5.63,140499886.0
2025-05-23,5.63,5.65,5.57,5.57,184644033.0
2025-05-26,5.57,5.58,5.5,5.51,194368669.0
2025-05-27,5.52,5.58,5.52,5.56,158193716.0
2025-05-28,5.57,5.58,5.52,5.53,123481251.0
2025-05-29,5.53,5.54,5.49,5.51,150073548.0
2025-05-30,5.51,5.55,5.49,5.52,200600668.0
2025-06-03,5.49,5.54,5.45,5.52,329020980.0
2025-06-04,5.51,5.52,5.49,5.5,165346701.0
2025-06-05,5.5,5.51,5.46,5.47,260660423.0
2025-06-06,5.47,5.49,5.43,5.45,264957838.0
2025-06-09,5.44,5.46,5.41,5.43,251250343.0
2025-06-10,5.42,5.49,5.41,5.45,365049947.0
2025-06-11,5.44,5.45,5.41,5.43,250389273.0
2025-06-12,5.43,5.44,5.4,5.43,271815121.0
2025-06-13,5.42,5.43,5.33,5.34,754649769.0
2025-06-16,5.32,5.38,5.27,5.38,493267087.0
2025-06-17,5.36,5.4,5.36,5.37,258076622.0
2025-06-18,5.37,5.5,5.35,5.5,536191732.0
2025-06-19,5.49,5.56,5.47,5.54,400249737.0
2025-06-20,5.54,5.6,5.52,5.59,364407001.0
2025-06-23,5.58,5.69,5.55,5.66,466957263.0
2025-06-24,5.65,5.71,5.6,5.71,491050567.0
2025-06-25,5.68,5.81,5.66,5.77,460033118.0
2025-06-26,5.77,5.82,5.74,5.8,319389308.0
2025-06-27,5.79,5.8,5.6,5.6,495485241.0
2025-06-30,5.59,5.63,5.55,5.62,250450904.0
2025-07-01,5.62,5.71,5.6,5.65,289554367.0
2025-07-02,5.66,5.69,5.64,5.65,188164494.0
2025-07-03,5.64,5.67,5.6,5.62,232805790.0
2025-07-04,5.61,5.72,5.61,5.7,296586243.0
2025-07-07,5.7,5.74,5.67,5.73,187733270.0
2025-07-08,5.72,5.75,5.69,5.71,180105836.0
2025-07-09,5.72,5.82,5.7,5.78,349282652.0
2025-07-10,5.79,5.88,5.78,5.82,280153969.0
2025-07-11,5.83,5.9,5.69,5.69,504311475.0
2025-07-14,5.7,5.84,5.7,5.75,346442959.0
2025-07-15,5.77,5.79,5.7,5.7,210816761.0
2025-07-16,5.7,5.73,5.66,5.71,221504972.0
2025-07-17,5.71,5.73,5.66,5.67,176157307.0
2025-07-18,5.67,5.72,5.64,5.69,182781300.0
2025-07-21,5.69,5.71,5.63,5.65,245163731.0
2025-07-22,5.64,5.65,5.55,5.58,391331218.0
2025-07-23,5.56,5.68,5.56,5.63,382041039.0
2025-07-24,5.64,5.66,5.56,5.56,346870297.0
2025-07-25,5.56,5.59,5.52,5.53,251028330.0
2025-07-28,5.54,5.57,5.52,5.53,212506390.0
2025-07-29,5.55,5.57,5.49,5.49,245627577.0
2025-07-30,5.49,5.57,5.47,5.53,304303859.0
2025-07-31,5.53,5.57,5.45,5.55,372210578.0
2025-08-01,5.54,5.57,5.5,5.55,281524660.0
2025-08-04,5.54,5.63,5.53,5.58,328229275.0
2025-08-05,5.57,5.66,5.55,5.65,320884233.0
2025-08-06,5.65,5.68,5.62,5.66,242262223.0
2025-08-07,5.66,5.72,5.62,5.72,303145272.0
2025-08-08,5.71,5.74,5.67,5.67,232362471.0
2025-08-11,5.67,5.68,5.59,5.62,258600591.0
2025-08-12,5.62,5.68,5.61,5.66,246479482.0
2025-08-13,5.66,5.69,5.58,5.58,346875028.0
2025-08-14,5.58,5.62,5.56,5.57,229218033.0
2025-08-15,5.58,5.58,5.42,5.45,640922934.0
2025-08-18,5.44,5.46,5.4,5.45,350600992.0
2025-08-19,5.45,5.59,5.44,5.56,440087113.0
2025-08-20,5.57,5.73,5.56,5.67,584579983.0
2025-08-21,5.68,5.73,5.62,5.71,397331141.0
2025-08-22,5.71,5.72,5.64,5.7,329347195.0
2025-08-25,5.69,5.7,5.64,5.68,316309791.0
2025-08-26,5.67,5.7,5.65,5.66,221798355.0
2025-08-27,5.65,5.66,5.55,5.55,286151287.0
2025-08-28,5.55,5.58,5.5,5.53,298504312.0
2025-08-29,5.54,5.63,5.51,5.52,339758294.0
2025-09-01,5.53,5.58,5.49,5.52,340603008.0
2025-09-02,5.52,5.63,5.5,5.63,450040823.0
2025-09-03,5.63,5.63,5.52,5.55,332681361.0
2025-09-04,5.52,5.65,5.41,5.62,652994405.0
2025-09-05,5.59,5.59,5.5,5.52,367034920.0
2025-09-08,5.5,5.53,5.46,5.47,326458380.0
2025-09-09,5.47,5.51,5.46,5.48,200436850.0
2025-09-10,5.48,5.5,5.45,5.49,222658547.0
2025-09-11,5.48,5.54,5.44,5.5,410841315.0
2025-09-12,5.49,5.53,5.48,5.48,282750254.0
2025-09-15,5.48,5.5,5.45,5.46,233596095.0
2025-09-16,5.46,5.47,5.4,5.41,319359139.0
2025-09-17,5.42,5.43,5.36,5.4,242599692.0
2025-09-18,5.41,5.41,5.29,5.3,338132545.0
2025-09-19,5.29,5.3,5.2,5.29,320561590.0
2025-09-22,5.27,5.3,5.21,5.21,196640163.0
2025-09-23,5.19,5.35,5.16,5.3,454593090.0
2025-09-24,5.29,5.37,5.27,5.28,326623672.0
2025-09-25,5.27,5.28,5.21,5.24,244371841.0
2025-09-26,5.23,5.27,5.2,5.24,179661578.0
2025-09-29,5.24,5.24,5.16,5.2,291778846.0
2025-09-30,5.19,5.21,5.16,5.18,192134770.0
2025-10-09,5.18,5.23,5.13,5.23,268985454.0
2025-10-10,5.22,5.28,5.21,5.23,240980260.0
2025-10-13,5.21,5.25,5.15,5.2,302141116.0
2025-10-14,5.19,5.29,5.16,5.28,386101133.0
2025-10-15,5.28,5.31,5.24,5.28,292244320.0
2025-10-16,5.28,5.4,5.27,5.38,407723467.0
2025-10-17,5.38,5.43,5.33,5.34,309618125.0
2025-10-20,5.32,5.39,5.24,5.36,333580272.0
2025-10-21,5.35,5.4,5.33,5.39,261947823.0
2025-10-22,5.39,5.47,5.38,5.46,336587708.0
2025-10-23,5.46,5.52,5.43,5.49,377882229.0
2025-10-24,5.47,5.57,5.44,5.53,431725622.0
2025-10-27,5.51,5.64,5.46,5.59,441059535.0
2025-10-28,5.59,5.63,5.54,5.6,299608198.0
2025-10-29,5.6,5.67,5.56,5.6,395088198.0
2025-10-30,5.6,5.72,5.59,5.65,462552172.0
2025-10-31,5.66,5.67,5.49,5.61,488445593.0
2025-11-03,5.59,5.71,5.59,5.68,407451801.0
2025-11-04,5.68,5.75,5.67,5.73,408813179.0
2025-11-05,5.72,5.75,5.66,5.69,248713659.0
2025-11-06,5.67,5.7,5.64,5.66,211273435.0
2025-11-07,5.66,5.72,5.63,5.64,223737787.0
2025-11-10,5.63,5.67,5.6,5.66,174406315.0
2025-11-11,5.65,5.69,5.63,5.68,162552677.0
2025-11-12,5.69,5.82,5.68,5.76,400963641.0
2025-11-13,5.77,5.81,5.66,5.74,304440399.0
2025-11-14,5.74,5.88,5.73,5.82,383146386.0
2025-11-17,5.82,5.83,5.69,5.77,293560745.0
2025-11-18,5.74,5.82,5.71,5.78,232418530.0
2025-11-19,5.79,6.0,5.78,6.0,568942724.0
2025-11-20,5.99,6.33,5.96,6.24,723204709.0
2025-11-21,6.23,6.39,6.23,6.29,680700731.0
2025-11-24,6.29,6.33,6.14,6.17,619916667.0
2025-11-25,6.15,6.29,6.09,6.26,435450435.0
2025-11-26,6.26,6.31,6.11,6.15,414893159.0
2025-11-27,6.13,6.17,6.06,6.17,342024226.0
2025-11-28,6.15,6.15,6.04,6.07,360117873.0
2025-12-01,6.06,6.1,6.03,6.07,306503056.0
2025-12-02,6.07,6.1,5.98,6.06,253389110.0
2025-12-03,6.04,6.08,5.92,5.94,322553176.0
2025-12-04,5.95,5.96,5.86,5.88,249983311.0
2025-12-05,5.88,5.9,5.77,5.81,320717371.0
2025-12-08,5.81,5.87,5.77,5.83,306472964.0
2025-12-09,5.81,5.87,5.79,5.84,250922698.0
2025-12-10,5.83,5.85,5.73,5.75,283999891.0
2025-12-11,5.66,5.71,5.64,5.71,252725841.0
2025-12-12,5.7,5.71,5.58,5.59,356392585.0
2025-12-15,5.59,5.64,5.58,5.61,201936140.0
2025-12-16,5.6,5.62,5.55,5.59,221626997.0
2025-12-17,5.58,5.66,5.56,5.61,251701089.0
2025-12-18,5.61,5.71,5.58,5.7,287964556.0
2025-12-19,5.69,5.69,5.63,5.66,239860297.0
2025-12-22,5.65,5.67,5.61,5.67,166517602.0
2025-12-23,5.66,5.71,5.63,5.7,260633092.0
2025-12-24,5.7,5.73,5.66,5.67,184149763.0
2025-12-25,5.66,5.71,5.63,5.65,226869010.0
2025-12-26,5.65,5.65,5.6,5.61,154495518.0
2025-12-29,5.61,5.68,5.59,5.68,252761075.0
2025-12-30,5.66,5.7,5.61,5.67,236688700.0
2025-12-31,5.66,5.76,5.66,5.73,302369271.0
2026-01-05,5.73,5.76,5.64,5.67,346197426.0
2026-01-06,5.67,5.67,5.55,5.59,560642836.0
2026-01-07,5.58,5.6,5.55,5.56,274475697.0
2026-01-08,5.56,5.56,5.48,5.52,316687204.0
2026-01-09,5.51,5.52,5.46,5.49,227623324.0
2026-01-12,5.47,5.54,5.44,5.53,261567452.0
2026-01-13,5.52,5.61,5.52,5.55,353767323.0
2026-01-14,5.53,5.54,5.46,5.47,362334858.0
2026-01-15,5.46,5.49,5.42,5.43,227658533.0
2026-01-16,5.43,5.44,5.38,5.4,286266015.0
2026-01-19,5.38,5.42,5.35,5.36,253682627.0
2026-01-20,5.36,5.45,5.34,5.44,317440678.0
2026-01-21,5.44,5.48,5.33,5.33,364120330.0
2026-01-22,5.33,5.36,5.3,5.3,249659484.0
2026-01-23,5.32,5.32,5.26,5.27,247374052.0
2026-01-26,5.26,5.36,5.23,5.31,379622885.0
2026-01-27,5.31,5.42,5.3,5.33,430591172.0
2026-01-28,5.32,5.4,5.3,5.34,331404075.0
2026-01-29,5.34,5.4,5.3,5.37,323012120.0
2026-01-30,5.38,5.43,5.35,5.37,324854861.0
2026-02-02,5.37,5.45,5.36,5.42,338563858.0
2026-02-03,5.4,5.4,5.27,5.28,448757315.0
2026-02-04,5.29,5.36,5.28,5.35,272475935.0
2026-02-05,5.37,5.43,5.35,5.4,266343156.0
2026-02-06,5.42,5.43,5.33,5.35,271598355.0
2026-02-09,5.33,5.38,5.31,5.38,172065954.0
2026-02-10,5.38,5.42,5.36,5.41,209240437.0
2026-02-11,5.41,5.43,5.36,5.41,170686804.0
2026-02-12,5.41,5.41,5.33,5.34,235306383.0
2026-02-13,5.35,5.36,5.3,5.31,211973073.0
2026-02-24,5.32,5.32,5.28,5.29,157530558.0
2026-02-25,5.29,5.31,5.27,5.29,187928206.0
2026-02-26,5.29,5.31,5.25,5.27,156390840.0
2026-02-27,5.28,5.3,5.26,5.28,141987166.0
2026-03-02,5.28,5.33,5.25,5.31,227969156.0
2026-03-03,5.3,5.44,5.28,5.42,495574107.0
2026-03-04,5.41,5.42,5.28,5.35,423813553.0
2026-03-05,5.31,5.4,5.29,5.39,249638030.0
2026-03-06,5.37,5.42,5.35,5.39,194947276.0
2026-03-09,5.37,5.41,5.35,5.36,248943616.0
2026-03-10,5.35,5.35,5.31,5.33,203870611.0
2026-03-11,5.33,5.36,5.3,5.36,136654818.0
2026-03-12,5.35,5.38,5.33,5.37,164286248.0
2026-03-13,5.37,5.42,5.33,5.39,237995758.0
2026-03-16,5.39,5.42,5.37,5.4,206924880.0
2026-03-17,5.4,5.5,5.38,5.5,362388776.0
2026-03-18,5.5,5.54,5.46,5.5,298110031.0
2026-03-19,5.48,5.56,5.48,5.53,356527575.0
2026-03-20,5.52,5.58,5.49,5.51,259377052.0
2026-03-23,5.49,5.5,5.32,5.39,433148480.0
2026-03-24,5.38,5.49,5.37,5.47,300944305.0
2026-03-25,5.46,5.55,5.38,5.55,317240980.0
2026-03-26,5.53,5.6,5.52,5.58,275051317.0
2026-03-27,5.57,5.6,5.56,5.57,217430554.0
2026-03-30,5.55,5.68,5.55,5.67,289633041.0
2026-03-31,5.67,5.91,5.67,5.87,652254090.0
2026-04-01,5.89,5.95,5.85,5.87,343189269.0
2026-04-02,5.87,5.97,5.84,5.94,292924188.0
2026-04-03,5.95,5.96,5.78,5.82,239214989.0
2026-04-07,5.82,5.84,5.75,5.8,250996350.0
2026-04-08,5.77,5.78,5.63,5.74,314917943.0
2026-04-09,5.74,5.77,5.67,5.69,223535039.0
2026-04-10,5.68,5.68,5.62,5.65,177626358.0
2026-04-13,5.65,5.69,5.58,5.69,200252806.0
2026-04-14,5.66,5.74,5.65,5.73,188066450.0
2026-04-15,5.71,5.82,5.7,5.79,231003234.0
2026-04-16,5.8,5.87,5.76,5.79,189043803.0
2026-04-17,5.77,5.82,5.75,5.77,153168013.0
2026-04-20,5.75,5.92,5.74,5.9,258027973.0
2026-04-21,5.89,5.97,5.89,5.93,205382068.0
2026-04-22,5.93,5.95,5.83,5.84,161678244.0
2026-04-23,5.83,5.88,5.8,5.82,158839186.0
2026-04-24,5.82,5.84,5.78,5.81,148447775.0
2026-04-27,5.8,5.84,5.75,5.76,166817156.0
2026-04-28,5.74,5.82,5.73,5.81,164756096.0
2026-04-29,5.81,5.83,5.73,5.79,218008616.0
2026-04-30,5.8,5.85,5.73,5.75,252823333.0
2026-05-06,5.75,5.75,5.64,5.71,267950874.0
2026-05-07,5.71,5.76,5.68,5.69,174848521.0
2026-05-08,5.7,5.75,5.66,5.68,164666003.0
2026-05-11,5.67,5.69,5.61,5.68,229231491.0
2026-05-12,5.68,5.78,5.67,5.74,249703901.0
2026-05-13,5.75,5.77,5.69,5.72,173384711.0
2026-05-14,5.71,5.83,5.7,5.76,273427645.0
2026-05-15,5.76,5.81,5.69,5.79,269942195.0
2026-05-18,5.79,5.82,5.76,5.79,194088388.0
2026-05-19,5.8,5.9,5.79,5.83,271888725.0
2026-05-20,5.83,5.84,5.7,5.7,207037318.0
2026-05-21,5.71,5.84,5.66,5.8,326036758.0
2026-05-22,5.79,5.88,5.71,5.86,310632830.0
2026-05-25,5.84,5.94,5.83,5.9,246668351.0
2026-05-26,5.88,5.98,5.87,5.91,292546229.0
2026-05-27,5.9,5.98,5.81,5.85,256933566.0
2026-05-28,5.84,5.93,5.79,5.81,267315297.0
2026-05-29,5.8,5.91,5.76,5.86,340678300.0
